Business Name,Category,Phone,Website,Area,Street,Maps Link
Ultra Consulting,Consulting,+971 56 715 0011,https://ultraconsulting.ae/,دبي,Al Abraj Street,"https://www.google.com/maps/search/?api=1&query=25.185409,55.2649456"
Bain & Company,Consulting,+97143657365,https://www.bain.com/offices/middleeast/en_us/index.aspx,Dubai Media City,Al Falak St.,"https://www.google.com/maps/search/?api=1&query=25.0900302,55.1526102"
Boston Consulting Group,Consulting,+971 4 4480 300,https://www.bcg.com/offices/dubai/default.aspx,دبي,,"https://www.google.com/maps/search/?api=1&query=25.2211804,55.2851358"
McKinsey & Company,Consulting,+971 (4) 389 9000,https://www.mckinsey.com/middle-east/dubai,,,"https://www.google.com/maps/search/?api=1&query=25.2140374,55.2798061"
Bin Darwesh Business Setup,Consulting,00971504050730,https://bindarwesh.com,دبي,,"https://www.google.com/maps/search/?api=1&query=25.2090427,55.2725161"
Vision Prime,Consulting,+971 54 5975695,https://visionae.pro/,دبي,,"https://www.google.com/maps/search/?api=1&query=25.22592,55.2838236"
Agence Welcome To Dubai,Consulting,+971 585 660672,https://welcometodubai.fr/,Dubai,66 Street,"https://www.google.com/maps/search/?api=1&query=25.118636,55.3782183"
NR Doshi and Partners,Consulting,+971 4 352 8001,https://www.nrdoshi.ae/,Dubai,"Burjman Business Tower, Al Mankhool","https://www.google.com/maps/search/?api=1&query=25.2515694,55.3013694"
Al Rostamani International Exchange,Financial,+971 600 540004,https://www.alrostamaniexchange.com/Pages/main.aspx,,Kuwait Street,"https://www.google.com/maps/search/?api=1&query=25.2444473,55.3062956"
Al Rostamani International Exchange,Financial,+971 600 540004,https://www.alrostamaniexchange.com/Pages/main.aspx,,Amman Street,"https://www.google.com/maps/search/?api=1&query=25.2891759,55.3684482"
Al Rostamani International Exchange,Financial,+971 600 540004,https://www.alrostamaniexchange.com/Pages/main.aspx,,,"https://www.google.com/maps/search/?api=1&query=25.2770236,55.3379579"
Al Rostamani International Exchange,Financial,+971 600 540004,https://www.alrostamaniexchange.com/Pages/main.aspx,,,"https://www.google.com/maps/search/?api=1&query=25.2568159,55.2953589"
Al Rostamani International Exchange,Financial,+971 600 540004,https://www.alrostamaniexchange.com/Pages/main.aspx,,,"https://www.google.com/maps/search/?api=1&query=25.3250652,55.3929626"
Al Rostamani International Exchange,Financial,+971 600 540004,https://www.alrostamaniexchange.com/Pages/main.aspx,,,"https://www.google.com/maps/search/?api=1&query=25.2686168,55.3045803"
Al Rostamani International Exchange,Financial,+971 600 540004,https://www.alrostamaniexchange.com/Pages/main.aspx,,,"https://www.google.com/maps/search/?api=1&query=25.2147007,55.2765446"
Al Rostamani International Exchange,Financial,+971 600 540004,https://www.alrostamaniexchange.com/Pages/main.aspx,,,"https://www.google.com/maps/search/?api=1&query=25.0541215,55.1708226"
Al Rostamani International Exchange,Financial,+971 600 540004,https://www.alrostamaniexchange.com/Pages/main.aspx,,,"https://www.google.com/maps/search/?api=1&query=25.118246,55.199054"
Al Rostamani International Exchange,Financial,+971 600 540004,https://www.alrostamaniexchange.com/Pages/main.aspx,,,"https://www.google.com/maps/search/?api=1&query=25.1073481,55.1466197"
Al Rostamani International Exchange,Financial,+971 600 540004,https://www.alrostamaniexchange.com/Pages/main.aspx,,,"https://www.google.com/maps/search/?api=1&query=25.06861,55.130142"
Al Rostamani International Exchange,Financial,+971 600 540004,https://www.alrostamaniexchange.com/Pages/main.aspx,,,"https://www.google.com/maps/search/?api=1&query=25.068886,55.2072349"
Al Rostamani International Exchange,Financial,+971 600 540004,https://www.alrostamaniexchange.com/Pages/main.aspx,,,"https://www.google.com/maps/search/?api=1&query=25.2412947,55.3659144"
Tridin Capital Group,Financial,+1 206 486 9300,https://tridin.xyz/,Dubai,شارع 9,"https://www.google.com/maps/search/?api=1&query=25.1695061,55.272692"
Puthran Chartered Accountants,Law firm,0097143452006,https://puthran.ae/,,Al Mina Road,"https://www.google.com/maps/search/?api=1&query=25.2411524,55.2745048"
Al Tamimi & Co.,Law firm,+971 0 4 364 1641,https://www.tamimi.com,,,"https://www.google.com/maps/search/?api=1&query=25.2139626,55.2803479"
AURION,Law firm,+971 4 250 4150;+971 50 482 5561,https://www.dubaifreezonecompany.com/,,,"https://www.google.com/maps/search/?api=1&query=25.259188,55.373326"
Entrepreneurs Business Services,Law firm,+971 4 297 4923;+971 4 303 8333;+971 4 310 8000,https://www.setupdubaibusiness.com/,دبي,,"https://www.google.com/maps/search/?api=1&query=25.2128519,55.2773718"
Amal Khamis Advocates & Legal Consultants,Law firm,+971 54 515 7778,https://amalkhamisadvo.com/,,,"https://www.google.com/maps/search/?api=1&query=25.2350964,55.3182162"
Al Reyami Advocates & Muhyealdeen International Legal Consultants,Law firm,+971-4-4534188,https://alriyamiadvocates.com/,دبي,Al Barsha Heights,"https://www.google.com/maps/search/?api=1&query=25.0983925,55.1740838"
MJ Legal Advocates & Legal Consultants,Law firm,+971 54 792 8716;+971 52 644 3007,http://mjlegal.ae/,,,"https://www.google.com/maps/search/?api=1&query=25.1856231,55.279956"
Kaden Boriss,Law firm,+971 4 554 8499;+971 52 644 3002,https://www.kadenboriss.com/,,,"https://www.google.com/maps/search/?api=1&query=25.185611,55.279956"
Corporate Research & Investigation,Law firm,+971 4 358 9884,https://www.crigroup.com/,,,"https://www.google.com/maps/search/?api=1&query=25.2092801,55.2767551"
Rudha Alattar Advocates & Legal Consultants,Law firm,+971 4 277 6979,https://www.raadvocates.com/,,,"https://www.google.com/maps/search/?api=1&query=25.1859545,55.2760229"
Mohammad Almheiri Advocates and Legal Consultants,Law firm,+97143333405,https://al-mheiri.com,دبي,شارع الشيخ زايد,"https://www.google.com/maps/search/?api=1&query=25.1895622,55.2568212"
Raalc,Law firm,+971 4 569 3370;+971 4 569 3382,https://www.raalc.ae/,,,"https://www.google.com/maps/search/?api=1&query=25.1856657,55.2800542"
Vista,Law firm,+971 50 182 8454,https://www.vistauae.com/,,,"https://www.google.com/maps/search/?api=1&query=25.270082,55.326897"
MAA & Partners,Law firm,+97143300009,https://www.maa.law,Dubai,2nd december street,"https://www.google.com/maps/search/?api=1&query=25.2304049,55.2870471"
Dewey & LeBoeuf LLP,Law firm,+971 58 690 9684,https://deweyleboeuf.com/,Dubai,28b شارع,"https://www.google.com/maps/search/?api=1&query=25.2150411,55.420739"
York Estates,Real estate,04 - 4308557,yorkestates.ae,Dubai Marina,,"https://www.google.com/maps/search/?api=1&query=25.0789124,55.1426583"
Bluechip Real Estate,Real estate,+97143951212,https://bluechiphome.com/,دبي,sheikh Zayed Road,"https://www.google.com/maps/search/?api=1&query=25.1092936,55.1839027"
Class Living Real Estate Brokers,Real estate,+971528532610,http://www.classliving.ae,دبي,,"https://www.google.com/maps/search/?api=1&query=25.0978966,55.1563147"
Al Habtoor Real Estate,Real estate,+971 4 770 7218,https://www.alhabtoorrealestate.com/,دبي,Canal Walk,"https://www.google.com/maps/search/?api=1&query=25.1835996,55.2555416"
Darkom Real Estate,Real estate,+971 4 876 9248,https://www.darkomre.ae/,Business Bay,,"https://www.google.com/maps/search/?api=1&query=25.192023,55.285064"
FMP Homes Real Estate Management,Real estate,+971 4 585 0475,https://fmphomes.ae/,,,"https://www.google.com/maps/search/?api=1&query=25.1912718,55.2850951"
Al Najem Real Estate,Real estate,+971 50 877 7991;+971 54 727 8051;+971 55 514 1455,https://www.ajmanded.ae/,,,"https://www.google.com/maps/search/?api=1&query=25.350746,55.405369"
Al Manal Development FZCO,Real estate,+971 4 299 0088;+971 4 299 0099,https://www.manal.ae/,,,"https://www.google.com/maps/search/?api=1&query=25.1112875,55.3767961"
Right Move,Real estate,+971 4 430 4270;+971 55 627 6071,https://www.rightmoveuae.com/,,,"https://www.google.com/maps/search/?api=1&query=25.165261,55.403007"
Stones International Real Estate Brokers,Real estate,+971 4 399 8833,https://www.stonesinternational.ae/,,,"https://www.google.com/maps/search/?api=1&query=25.1997136,55.2739951"
RGA Real Estate,Real estate,+971 58 108 9529,https://rga.ae/,,,"https://www.google.com/maps/search/?api=1&query=25.2091589,55.2726151"
Stones International Real Estate Brokers,Real estate,+971 4 477 8822,https://www.stonesinternational.ae/,,,"https://www.google.com/maps/search/?api=1&query=25.0813472,55.1380543"
Range Developments,Real estate,97143253447,https://rangedevelopments.com,دبي,"Boulevard Plaza Tower 2, Office 1104","https://www.google.com/maps/search/?api=1&query=25.2002811,55.2732631"
365 Holiday Homes Rental,Real estate,+971 4 298 0056;+971 55 806 4702,https://www.365luxuryhomes.com/,,,"https://www.google.com/maps/search/?api=1&query=25.0795743,55.1216322"
Avanz Global,Real estate,+971 4 305 0650;+971 50 545 5251;+971 800 28269,https://www.avanz.ae/,,,"https://www.google.com/maps/search/?api=1&query=25.230129,55.287151"
Al Najem,Real estate,+971 50 877 7991;+971 55 514 1455,https://www.ajmanded.ae/,,,"https://www.google.com/maps/search/?api=1&query=25.388245,55.513271"
Albab Business Setup Services,Real estate,+971 4 454 7399,https://www.albabbusiness.com/,,,"https://www.google.com/maps/search/?api=1&query=25.265674,55.382615"
Total Eminence Real Estate,Real estate,+971 4 578 6786;+971 52 911 7866;+971 52 984 1999,https://tere.ae/,,,"https://www.google.com/maps/search/?api=1&query=25.185142,55.264902"
Think Realty,Real estate,+971 4 568 6653;+971 54 252 8111;+971 55 584 4432,https://thinkrealty.ae,,,"https://www.google.com/maps/search/?api=1&query=25.1861901,55.2599082"
Sarmad Real Estate and Investment,Real estate,+971 04 360 4441,https://sarmad-re.com/,,,"https://www.google.com/maps/search/?api=1&query=25.099279,55.1775213"
Brookfield Properties,Real estate,+971 45970100,https://www.brookfieldproperties.com/en/who-we-are/contact.html,دبي,Al Mustaqbal Street,"https://www.google.com/maps/search/?api=1&query=25.2120098,55.280616"
Emaire,Real estate,+79810523853,https://emaire.com/,Sharjah,شارع الغوير,"https://www.google.com/maps/search/?api=1&query=25.3567705,55.3884507"
12Cheques,Real estate,971 58 508 1224,https://12cheques.ae/,دبي,Dubai International Financial Center,"https://www.google.com/maps/search/?api=1&query=25.213885,55.2803015"
SuperHost Vacation Homes Rental,Real estate,+971 507607356,https://superhost.ae/,دبي,"Office No. 0834, Tamani Arts Offices Tower, Business Bay","https://www.google.com/maps/search/?api=1&query=25.1874223,55.2810714"
Dda,Real estate,+971 4 215 4872,https://dda-re.com/,,,"https://www.google.com/maps/search/?api=1&query=25.0911811,55.1586547"
Alrasikhoon Real Estate الراسخون للعقارات,Real estate,+97167472200,https://alrasikhoon.com/,Ajman,شارع الشيخ خليفة بن زايد,"https://www.google.com/maps/search/?api=1&query=25.3885999,55.4654027"
Tekce Real Estate,Real estate,+971 521 958 490,https://tekce.com/property-uae/dubai,دبي,شارع السيداف 1,"https://www.google.com/maps/search/?api=1&query=25.1145511,55.2052267"
Home Deals,Real estate,065738882,www.homdeals.ae,المجاز,Al Majaz 1,"https://www.google.com/maps/search/?api=1&query=25.3429808,55.3858506"
Citiway Real Estate Brokerage L.L.C.,Real estate,+971 4 277 2373,https://citiway.com,Dubai,Marasi Drive,"https://www.google.com/maps/search/?api=1&query=25.1843246,55.264054"
Nujom Al Mouwafak Real Estate,Real estate,⁦+971 52 203 3984⁩,https://nujomalmouwafak.com/,دبي,شارع 8,"https://www.google.com/maps/search/?api=1&query=25.2534124,55.3332671"
N M R - Nujom Al Mouwafak Real Estate,Real estate,971 50 115 9487,https://nujomalmouwafak.com/,دبي,,"https://www.google.com/maps/search/?api=1&query=25.2532837,55.3331901"
Green City Real Estate,Real estate,+97158 582 3377,https://greencityre.com/,"Dubai, UAE","Binghatti House, Al Barsha South Fourth","https://www.google.com/maps/search/?api=1&query=25.0624919,55.2012649"
DWP Real Estate,Real estate,+971 55 732 7288,https://dwp-properties.com/,Dubai,Onyx Tower 1 Sheikh Zayed Road,"https://www.google.com/maps/search/?api=1&query=25.097288,55.1687685"
Remington Properties,Real estate,+971506565493,https://remington.ae,Dubai,Al Masraf Bank Building,"https://www.google.com/maps/search/?api=1&query=25.1430259,55.2212832"
Mars Auditing Of Accounts,Tax/accounting,+971 4 334 2307;+971 56 828 0700,https://www.auditdubai.com/,,,"https://www.google.com/maps/search/?api=1&query=25.24665,55.307368"
Khalid Al Zarooni Advocate & Legal Consultants,Law firm,+971 4 358 3590;+971 56 115 9888,,,,"https://www.google.com/maps/search/?api=1&query=25.234016,55.3087458"
Kaltham Al Falasi Advocates and Legal Consultants,Law firm,+971 04 289 9099,,,,"https://www.google.com/maps/search/?api=1&query=25.3925758,55.4397129"
Rakayez Properties,Real estate,+971 800 7252939,,,Al Wahda Street,"https://www.google.com/maps/search/?api=1&query=25.3152448,55.3833741"
Unique Real Estate Broker,Real estate,971559844876,,,,"https://www.google.com/maps/search/?api=1&query=25.1732463,55.4060997"
Right Properties,Real estate,+971 4 457 2209;+971 50 728 4840;+971 54 304 1122,,,,"https://www.google.com/maps/search/?api=1&query=25.1881512,55.2716965"
Al Hedoud Real Estate,Real estate,+971 55 106 6420;+971 6 573 9919;+971 6 573 9979,,,,"https://www.google.com/maps/search/?api=1&query=25.3533202,55.4097402"
Itqan Real Estate,Real estate,+971 50 483 8411,,,,"https://www.google.com/maps/search/?api=1&query=25.3852376,55.5262891"
Gi Properties,Real estate,+97145275800,,دبي,Al Barsha,"https://www.google.com/maps/search/?api=1&query=25.1091432,55.1840494"
Kishore M Forex Trader Training,Financial,,https://championtradersacademy.com/,دبي,One Shaikh Zayed Road,"https://www.google.com/maps/search/?api=1&query=25.2303048,55.2872219"
Kainatt Properties,Real estate,,www.kainattproperties.com,,,"https://www.google.com/maps/search/?api=1&query=25.1161579,55.2060561"
Lagoon Real Estate,Real estate,,www.lagoonreajman.com,,Kuwait Street,"https://www.google.com/maps/search/?api=1&query=25.3869751,55.4494604"
Banke International Properties,Real estate,,https://www.banke.ae/,,,"https://www.google.com/maps/search/?api=1&query=25.0339302,55.1418683"
Haus & Haus,Real estate,,https://www.hausandhaus.com/,,,"https://www.google.com/maps/search/?api=1&query=25.18463,55.2665519"
Al Rakaiez & Management Consultancy,Consulting,,,,Abi Salamah Bin Abd Al Asad Street,"https://www.google.com/maps/search/?api=1&query=25.3463756,55.4047152"
Al Nafees Consultants Trading,Consulting,,,,,"https://www.google.com/maps/search/?api=1&query=25.3472367,55.3998267"
Al Qaid Managment Consultants,Consulting,,,,Khalid Bin Qais Street,"https://www.google.com/maps/search/?api=1&query=25.3517289,55.4071173"
Al Manakh Managements Consultancy,Consulting,,,,Khalid Bin Qais Street,"https://www.google.com/maps/search/?api=1&query=25.3515783,55.4074089"
Mario Lucas Management Consultants,Consulting,,,,Al Dhahak Bin Haretha Street,"https://www.google.com/maps/search/?api=1&query=25.3503821,55.4032751"
Pinoy PRO Consultant,Consulting,,,,,"https://www.google.com/maps/search/?api=1&query=25.2607578,55.3222058"
taw jeeh,Consulting,,,,,"https://www.google.com/maps/search/?api=1&query=25.2558982,55.2851222"
Wall Street Exchange,Financial,,,,6A Street,"https://www.google.com/maps/search/?api=1&query=25.2474295,55.3024614"
Islamic Finance House,Financial,,,,,"https://www.google.com/maps/search/?api=1&query=25.2566604,55.3344984"
Islamic Investment Company of the Golf,Financial,,,,King Faisal Street,"https://www.google.com/maps/search/?api=1&query=25.3348045,55.3916837"
Finance House,Financial,,,,Al Taawun Street,"https://www.google.com/maps/search/?api=1&query=25.3194519,55.3748979"
Al Wifaq,Financial,,,,King Abdul Aziz Street,"https://www.google.com/maps/search/?api=1&query=25.3441729,55.3942555"
Investment Management,Financial,,,,Al Zahra'a Street,"https://www.google.com/maps/search/?api=1&query=25.4071209,55.4379901"
Bukhatir Group,Financial,,,,,"https://www.google.com/maps/search/?api=1&query=25.3584828,55.3857704"
Emirates Co-Operative Society,Financial,,,,31a Street,"https://www.google.com/maps/search/?api=1&query=25.2439034,55.3468347"
Dunia,Financial,,,Sharjah,,"https://www.google.com/maps/search/?api=1&query=25.3633452,55.3920723"
Financial Audit Authority,Financial,,,,Nakheel,"https://www.google.com/maps/search/?api=1&query=25.4173086,55.4430902"
Acc at Qasimiya,Law firm,,,,,"https://www.google.com/maps/search/?api=1&query=25.34425,55.391654"
bright stone typing center,Law firm,,,,,"https://www.google.com/maps/search/?api=1&query=25.273049,55.3131793"
alaa lawyer,Law firm,,,,,"https://www.google.com/maps/search/?api=1&query=25.2450168,55.3397652"
Public Notary,Notary,,,,,"https://www.google.com/maps/search/?api=1&query=25.1243448,55.2062995"
GGICO Properties,Real estate,,,دبي,3 a Street,"https://www.google.com/maps/search/?api=1&query=25.166813,55.2382468"
Casa Moda,Real estate,,,,Jumeira Street,"https://www.google.com/maps/search/?api=1&query=25.2285289,55.2605478"
JK Real Estate,Real estate,,,,Jumeira Street,"https://www.google.com/maps/search/?api=1&query=25.2285714,55.2605881"
Silver Home Finder,Real estate,,,,Street 1 A,"https://www.google.com/maps/search/?api=1&query=25.0493547,55.1287844"
Bin Ghalita,Real estate,,,,AL Rolla Street,"https://www.google.com/maps/search/?api=1&query=25.2572842,55.2854155"
Dynamite Real Estate,Real estate,,,,2nd December Street,"https://www.google.com/maps/search/?api=1&query=25.2357912,55.2781488"
Lands Department,Real estate,,,,Street 21,"https://www.google.com/maps/search/?api=1&query=25.2391029,55.2770256"
Al Sabeel,Real estate,,,,Al Marsa Street,"https://www.google.com/maps/search/?api=1&query=25.0884188,55.1482163"
Top Spot,Real estate,,,,Al Marsa Street,"https://www.google.com/maps/search/?api=1&query=25.0887658,55.1469223"
Popular Real Estate,Real estate,,,,Street 14a,"https://www.google.com/maps/search/?api=1&query=25.2350123,55.2762203"
Real Estate City Beauty,Real estate,,,,Al Rasheed road,"https://www.google.com/maps/search/?api=1&query=25.2823804,55.3360815"
Fäm Properties,Real estate,,,,Al Abraj Street,"https://www.google.com/maps/search/?api=1&query=25.1849787,55.2788493"
Mayking Real Estate,Real estate,,,,Al Abraj Street,"https://www.google.com/maps/search/?api=1&query=25.1885575,55.2695397"
Arenco Real Estate,Real estate,,,,First Al Khail Street,"https://www.google.com/maps/search/?api=1&query=25.1399186,55.2256912"
Hussain Haider Darwish,Real estate,,,,38 Street,"https://www.google.com/maps/search/?api=1&query=25.2643358,55.3184169"
Royal Home,Real estate,,,,Al Maktoum Street,"https://www.google.com/maps/search/?api=1&query=25.2597417,55.3223165"
Atlas Real Estate,Real estate,,,,University City Road,"https://www.google.com/maps/search/?api=1&query=25.3443097,55.4040854"
Bin Halber Real Estate,Real estate,,,,Sheikh Rashid Road,"https://www.google.com/maps/search/?api=1&query=25.2526847,55.3371289"
World Invest Real Estate,Real estate,,,,University City Road,"https://www.google.com/maps/search/?api=1&query=25.3437666,55.4042677"
Real Estate Division,Real estate,,,,2 Street,"https://www.google.com/maps/search/?api=1&query=25.2528533,55.3380368"
Humaid Eid Real Estate Management,Real estate,,,,Gernata Street,"https://www.google.com/maps/search/?api=1&query=25.3036284,55.3719683"
Court Real Estate,Real estate,,,,Al Estiqlal Street,"https://www.google.com/maps/search/?api=1&query=25.3442546,55.3971448"
Al Hanama Real Estate,Real estate,,,,,"https://www.google.com/maps/search/?api=1&query=25.3964367,55.491403"
Eagle Real Estate,Real estate,,,,,"https://www.google.com/maps/search/?api=1&query=25.3963233,55.4908117"
Al Janahi Real Estate,Real estate,,,,,"https://www.google.com/maps/search/?api=1&query=25.4094621,55.4424607"
Al Jadaf Real Estate,Real estate,,,,,"https://www.google.com/maps/search/?api=1&query=25.3990167,55.5033888"
Al Naham Al Mahir,Real estate,,,,Sa'ad Bin Abi Waqas Street,"https://www.google.com/maps/search/?api=1&query=25.3348862,55.3982608"
Ali Al Qunaisi,Real estate,,,,Al Fakeh Bin Basheer Street,"https://www.google.com/maps/search/?api=1&query=25.3365529,55.3956769"
Bin Malek,Real estate,,,,,"https://www.google.com/maps/search/?api=1&query=25.3965657,55.5050937"
Al Shaali Real Estate,Real estate,,,,,"https://www.google.com/maps/search/?api=1&query=25.3842617,55.4649584"
Sama Al Khaleej,Real estate,,,,Sheikh Ammar Street,"https://www.google.com/maps/search/?api=1&query=25.3868858,55.5065736"
Kanashka,Real estate,,,,,"https://www.google.com/maps/search/?api=1&query=25.3842343,55.5069512"
AJ D Real Estate,Real estate,,,,5 Street,"https://www.google.com/maps/search/?api=1&query=25.2249494,55.3709481"
Hadramout Real Estate,Real estate,,,,Sheikh Ammar Street,"https://www.google.com/maps/search/?api=1&query=25.3754551,55.5081436"
Saray,Real estate,,,,,"https://www.google.com/maps/search/?api=1&query=25.3755572,55.5081202"
Al Wathba,Real estate,,,,,"https://www.google.com/maps/search/?api=1&query=25.3759156,55.5080216"
Ramses Real Estate,Real estate,,,,Sheikh Ammar Street,"https://www.google.com/maps/search/?api=1&query=25.3760719,55.5080157"
Al Hessin,Real estate,,,,Sheikh Ammar Street,"https://www.google.com/maps/search/?api=1&query=25.3821736,55.5066042"
Al Nakheel Real Estate,Real estate,,,,Sheikh Ammar Street,"https://www.google.com/maps/search/?api=1&query=25.3873472,55.5059917"
Sama Dubai,Real estate,,,,Sheikh Ammar Street,"https://www.google.com/maps/search/?api=1&query=25.387399,55.5059631"
Al Mandoos,Real estate,,,,,"https://www.google.com/maps/search/?api=1&query=25.3951722,55.4293303"
High Class Real Estae,Real estate,,,,Sheikh Ammar Street,"https://www.google.com/maps/search/?api=1&query=25.3897454,55.505636"
Al Raed Real Estate,Real estate,,,,Sheikh Ammar Street,"https://www.google.com/maps/search/?api=1&query=25.3897138,55.50565"
Sky City Real Estate,Real estate,,,,Sheikh Ammar Street,"https://www.google.com/maps/search/?api=1&query=25.3903201,55.5055757"
Al Nahdi Real Estate,Real estate,,,,Sheikh Ammar Street,"https://www.google.com/maps/search/?api=1&query=25.3928068,55.5051992"
Zabeel,Real estate,,,,Sheikh Rashid Bin Humaid Al Nuaimi Street,"https://www.google.com/maps/search/?api=1&query=25.3973744,55.4313877"
Al Jarwan RealEstate,Real estate,,,,Shaik Ammar Bin Hummaid Street,"https://www.google.com/maps/search/?api=1&query=25.3966883,55.5046779"
Alothman Real Estate,Real estate,,,,Shaik Ammar Bin Hummaid Street,"https://www.google.com/maps/search/?api=1&query=25.3969848,55.5046509"
Damas Real Estate,Real estate,,,,Al Qasba'a Street,"https://www.google.com/maps/search/?api=1&query=25.326353,55.3782267"
Ariana Real Estate,Real estate,,,,Sheikh Rashid bin Saeed Al Maktoom Street,"https://www.google.com/maps/search/?api=1&query=25.393765,55.4670473"
Al Tafawq Real Estate,Real estate,,,,,"https://www.google.com/maps/search/?api=1&query=25.4087214,55.5117491"
Tasees Properties,Real estate,,,,,"https://www.google.com/maps/search/?api=1&query=25.4090875,55.5106028"
Al Zamalek,Real estate,,,,,"https://www.google.com/maps/search/?api=1&query=25.4073241,55.5114777"
Best Option,Real estate,,,,,"https://www.google.com/maps/search/?api=1&query=25.3946931,55.4569254"
Ayaan Real Estate,Real estate,,,,Sheikh Zayed Street,"https://www.google.com/maps/search/?api=1&query=25.3976627,55.5018874"
Pearl Real Estate,Real estate,,,,Sheikh Rashid bin Saeed Al Maktoum Street,"https://www.google.com/maps/search/?api=1&query=25.3937681,55.4669947"
Luxury Homes,Real estate,,,,,"https://www.google.com/maps/search/?api=1&query=25.3937422,55.4672434"
Mountain Gate,Real estate,,,,Al Majaz Southern Part Street,"https://www.google.com/maps/search/?api=1&query=25.3238377,55.3854783"
Golden Home,Real estate,,,,11 Street,"https://www.google.com/maps/search/?api=1&query=25.3179638,55.3822474"
Al Arif Private Real Estate,Real estate,,,,Arabian Gulf Street,"https://www.google.com/maps/search/?api=1&query=25.3615017,55.3922882"
Al Dahmani Real Estate,Real estate,,,,Kuwait Street,"https://www.google.com/maps/search/?api=1&query=25.3866199,55.4520431"
Best Home Real Estate,Real estate,,,,Kuwait Street,"https://www.google.com/maps/search/?api=1&query=25.3864631,55.4531423"
VIP Real Estate,Real estate,,,,Sheikh Maktoom Bin Rashid Al Maktoom Street,"https://www.google.com/maps/search/?api=1&query=25.3953561,55.4907093"
Blue Real Estate,Real estate,,,,Kuwait Street,"https://www.google.com/maps/search/?api=1&query=25.3862774,55.4546184"
Al-Abraj Real Estate,Real estate,,,,Ibrahm Mohammed Al Medfa'a Street,"https://www.google.com/maps/search/?api=1&query=25.3522752,55.3886189"
Al Bustan Real Estate,Real estate,,,,Ibrahm Mohammed Al Medfa'a Street,"https://www.google.com/maps/search/?api=1&query=25.3522374,55.3884244"
Sundos Al Nahda Real Estate Brokers,Real estate,,,,Amman Street,"https://www.google.com/maps/search/?api=1&query=25.2970668,55.3775209"
Al Majd,Real estate,,,,King Abdul Aziz Street,"https://www.google.com/maps/search/?api=1&query=25.3464304,55.3914181"
Esheed Real Estate,Real estate,,,,2 Street,"https://www.google.com/maps/search/?api=1&query=25.3506172,55.3872719"
Al Mostathmer Real Estate Center,Real estate,,,,Ibrahm Mohammed Al Medfa'a Street,"https://www.google.com/maps/search/?api=1&query=25.3518889,55.3885218"
Al Mamoura Real Estate,Real estate,,,,Ibrahm Mohammed Al Medfa'a Street,"https://www.google.com/maps/search/?api=1&query=25.3518624,55.3883731"
Basel,Real estate,,,,Sheikh Rashid Bin Humaid Al Nuaimi Street,"https://www.google.com/maps/search/?api=1&query=25.3988105,55.432495"
Mohammed Al Ahmadi Real Estate Establishment,Real estate,,,,7 Street,"https://www.google.com/maps/search/?api=1&query=25.3522694,55.3874355"
Al Waqot Real Estate,Real estate,,,,Omar Bin Al Khatab Street,"https://www.google.com/maps/search/?api=1&query=25.3949697,55.4276199"
Al Banna,Real estate,,,,Brahim Mohammed Al Medfa'a Street,"https://www.google.com/maps/search/?api=1&query=25.3533507,55.3926246"
Al Badr Private Real Estate,Real estate,,,,Brahim Mohammed Al Medfa'a Street,"https://www.google.com/maps/search/?api=1&query=25.3534886,55.3930138"
Emirates Properties Corner,Real estate,,,,Brahim Mohammed Al Medfa'a Street,"https://www.google.com/maps/search/?api=1&query=25.3535259,55.3931827"
Al Ghroobti Real Estate,Real estate,,,,Brahim Mohammed Al Medfa'a Street,"https://www.google.com/maps/search/?api=1&query=25.3536035,55.3934536"
Prime Homes Real Estate,Real estate,,,,Hafiz Ibrahim Street,"https://www.google.com/maps/search/?api=1&query=25.3840585,55.4619407"
Al Mamzar Real Estate,Real estate,,,,Ja'asham Al Khair Street,"https://www.google.com/maps/search/?api=1&query=25.3506066,55.3960551"
Al Qabaiel Real Estate,Real estate,,,,Ja'asham Al Khair Street,"https://www.google.com/maps/search/?api=1&query=25.3507105,55.3958696"
Dalilak,Real estate,,,,Bashr Bin Amr Street,"https://www.google.com/maps/search/?api=1&query=25.3495788,55.398362"
Al Hadaf Real Estate Center,Real estate,,,,Saif Al Hamrani Street,"https://www.google.com/maps/search/?api=1&query=25.414765,55.4454118"
Al Khalidiah Real Estate,Real estate,,,,Sheikh Saqr Bin Khalid Al Qasimi Street,"https://www.google.com/maps/search/?api=1&query=25.3490845,55.3972692"
Al Rahi Real Estate,Real estate,,,,Sheikh Saqr Bin Khalid Al Qasimi Street,"https://www.google.com/maps/search/?api=1&query=25.3493508,55.3968031"
Haji Mohammed Sharif Hajouni Real Estate,Real estate,,,,Sheikh Saqr Bin Khalid Al Qasimi Street,"https://www.google.com/maps/search/?api=1&query=25.3497768,55.3960281"
Al Doukhi Real Estate,Real estate,,,,Sheikh Saqr Bin Khalid Al Qasimi Street,"https://www.google.com/maps/search/?api=1&query=25.3498923,55.3958184"
Khalid Al Harthi Real Estate,Real estate,,,,Wadea'a Bin Amr Street,"https://www.google.com/maps/search/?api=1&query=25.3541184,55.394473"
Burj Al Masakn Real Estate,Real estate,,,,Wadea'a Bin Amr Street,"https://www.google.com/maps/search/?api=1&query=25.354031,55.3946434"
Bin Haddah Real Estate,Real estate,,,,Wadea'a Bin Amr Street,"https://www.google.com/maps/search/?api=1&query=25.3542717,55.3942002"
Honest Real Estate,Real estate,,,,Brahim Mohammed Al Medfa'a Street,"https://www.google.com/maps/search/?api=1&query=25.3539377,55.3945019"
Al Alamaa Al Malakiah,Real estate,,,,Brahim Mohammed Al Medfa'a Street,"https://www.google.com/maps/search/?api=1&query=25.3538332,55.3942102"
Quality Real Estate,Real estate,,,,Hafiz Ibrahim Street,"https://www.google.com/maps/search/?api=1&query=25.3789439,55.4571592"
Properties Market,Real estate,,,,,"https://www.google.com/maps/search/?api=1&query=25.280356,55.350027"
Al Dana Real Estate,Real estate,,,,Nadlah Bin Obied Al Aslami Street,"https://www.google.com/maps/search/?api=1&query=25.3544501,55.3922082"
Al Wasl Real Estate,Real estate,,,,Brahim Mohammed Al Medfa'a Street,"https://www.google.com/maps/search/?api=1&query=25.3543595,55.3961835"
Al Maniya Real Estate,Real estate,,,,Brahim Mohammed Al Medfa'a Street,"https://www.google.com/maps/search/?api=1&query=25.3542989,55.3959625"
Life Homes Properties,Real estate,,,,Al Zaher Street,"https://www.google.com/maps/search/?api=1&query=25.402883,55.4366225"
Zawaya Real Estate Investment,Real estate,,,,Sheikh Rashid Bin Humaid Al Nuaimi Street,"https://www.google.com/maps/search/?api=1&query=25.4019334,55.4373536"
Map Real Estate,Real estate,,,,Street 52,"https://www.google.com/maps/search/?api=1&query=25.4074671,55.4348083"
Al Zafra Real Estate,Real estate,,,,Omar Bin Al Khattab Street,"https://www.google.com/maps/search/?api=1&query=25.4069218,55.4355464"
Al Rafaei Real Estate,Real estate,,,,Omar Bin Al Khattab Street,"https://www.google.com/maps/search/?api=1&query=25.4068445,55.4354967"
Al Manakh Real Estate,Real estate,,,,Omar Bin Al Khattab Street,"https://www.google.com/maps/search/?api=1&query=25.4064602,55.4353473"
Aby Saif Real Estate,Real estate,,,,Omar Bin Al Khattab Street,"https://www.google.com/maps/search/?api=1&query=25.4064004,55.4353132"
Al Badie Real Estate,Real estate,,,,Muhrez Bin Amer Street,"https://www.google.com/maps/search/?api=1&query=25.355073,55.3954368"
Al Firdous,Real estate,,,,Omar Bin Al Khattab Street,"https://www.google.com/maps/search/?api=1&query=25.4056805,55.4349095"
Express Real Estate,Real estate,,,,Omar Bin Al Khattab Street,"https://www.google.com/maps/search/?api=1&query=25.4051796,55.4346198"
Bab Al Madina Real Estate,Real estate,,,,Street 52,"https://www.google.com/maps/search/?api=1&query=25.4076851,55.4347205"
Manazel Real Estate,Real estate,,,,Omar Bin Al Khattab Street,"https://www.google.com/maps/search/?api=1&query=25.405925,55.4352472"
Furas Real Estate,Real estate,,,,Omar Bin Al Khattab Street,"https://www.google.com/maps/search/?api=1&query=25.4056803,55.4351777"
Bin Zayed Real Estate Investment,Real estate,,,,Omar Bin Al Khattab Street,"https://www.google.com/maps/search/?api=1&query=25.4055681,55.4350835"
Das Real Estate,Real estate,,,,103 Street,"https://www.google.com/maps/search/?api=1&query=25.4044766,55.4344807"
Al Kutbi Real Estate,Real estate,,,,,"https://www.google.com/maps/search/?api=1&query=25.3927682,55.4659727"
Index,Real estate,,,,,"https://www.google.com/maps/search/?api=1&query=25.3935877,55.4666806"
Dubai Tower Real Estate,Real estate,,,,Al Zaher Street,"https://www.google.com/maps/search/?api=1&query=25.406495,55.4325413"
Real Estate,Real estate,,,,7 Street,"https://www.google.com/maps/search/?api=1&query=25.4066677,55.4325994"
Shawams,Real estate,,,,,"https://www.google.com/maps/search/?api=1&query=25.3925101,55.4588461"
Al Qarat Real Estate,Real estate,,,,,"https://www.google.com/maps/search/?api=1&query=25.3849477,55.4424362"
Kaifan Real Estate,Real estate,,,,Sheikh Zayed Street,"https://www.google.com/maps/search/?api=1&query=25.3581932,55.4018363"
Al Shamsi,Real estate,,,,,"https://www.google.com/maps/search/?api=1&query=25.3906355,55.4635244"
Zamzam,Real estate,,,,,"https://www.google.com/maps/search/?api=1&query=25.3911557,55.4642592"
Al Imbratoor,Real estate,,,,Khabab Bin Al Arat Street,"https://www.google.com/maps/search/?api=1&query=25.3464723,55.3928453"
Al Foz,Real estate,,,,,"https://www.google.com/maps/search/?api=1&query=25.3886537,55.460126"
Al Jozoor Realestate,Real estate,,,,47 Street,"https://www.google.com/maps/search/?api=1&query=25.4102812,55.44987"
Land Mark,Real estate,,,,23 Street,"https://www.google.com/maps/search/?api=1&query=25.3991869,55.4498199"
Al Mass,Real estate,,,,Sheikh Rashid bin Saeed Al Maktoum Street,"https://www.google.com/maps/search/?api=1&query=25.4127114,55.4521584"
Saif Al Nuaimi,Real estate,,,,,"https://www.google.com/maps/search/?api=1&query=25.3923776,55.4605284"
Awshar,Real estate,,,,,"https://www.google.com/maps/search/?api=1&query=25.3932,55.4584047"
Solo,Real estate,,,,,"https://www.google.com/maps/search/?api=1&query=25.3899669,55.4636439"
Al Wadnq,Real estate,,,,Abdullah Bin Humaid Street,"https://www.google.com/maps/search/?api=1&query=25.4081491,55.4473108"
Al Maram Real Estate,Real estate,,,,Street 46,"https://www.google.com/maps/search/?api=1&query=25.4138009,55.4420424"
Bin Ham Properties,Real estate,,,,27 Street,"https://www.google.com/maps/search/?api=1&query=25.2578886,55.3339591"
Gulf Coast Real Estate Office,Real estate,,,,61 Street,"https://www.google.com/maps/search/?api=1&query=25.402382,55.4423727"
Sultan Real Estate,Real estate,,,,46 Street,"https://www.google.com/maps/search/?api=1&query=25.3912252,55.4544299"
Ard Alhadarat,Real estate,,,,55 Street,"https://www.google.com/maps/search/?api=1&query=25.3944873,55.4516069"
Al Ameed Real Estate,Real estate,,,,55 Street,"https://www.google.com/maps/search/?api=1&query=25.3944608,55.4514096"
Magic Homes,Real estate,,,,55 Street,"https://www.google.com/maps/search/?api=1&query=25.3940526,55.4508314"
Atlantis,Real estate,,,,23 Street,"https://www.google.com/maps/search/?api=1&query=25.3987421,55.4489908"
Greens,Real estate,,,,,"https://www.google.com/maps/search/?api=1&query=25.3987394,55.44892"
Al Khan,Real estate,,,,,"https://www.google.com/maps/search/?api=1&query=25.398738,55.4488687"
Ali Real Estate,Real estate,,,,,"https://www.google.com/maps/search/?api=1&query=25.3996798,55.4480815"
Al Badeea Real Estate,Real estate,,,,28c Street,"https://www.google.com/maps/search/?api=1&query=25.2779131,55.3391504"
Abraj Real Estate,Real estate,,,,9 Street,"https://www.google.com/maps/search/?api=1&query=25.4042093,55.4416762"
Texas,Real estate,,,,Sheikh Rashid Bin Abdul Aziz Street,"https://www.google.com/maps/search/?api=1&query=25.3980449,55.4516881"
Balt Al Saad,Real estate,,,,Sheikh Rashid Bin Abdul Aziz Street,"https://www.google.com/maps/search/?api=1&query=25.3981288,55.4516203"
Al Emmar,Real estate,,,,,"https://www.google.com/maps/search/?api=1&query=25.3965646,55.4408306"
Mafateeh,Real estate,,,,Abdullah bin Abid Street,"https://www.google.com/maps/search/?api=1&query=25.393375,55.4398652"
Al Maidan,Real estate,,,,Abdullah bin Abid Street,"https://www.google.com/maps/search/?api=1&query=25.3934265,55.4396241"
Eamar Al Emarate Real Estate,Real estate,,,,Amr Bin Eyas Street,"https://www.google.com/maps/search/?api=1&query=25.3467694,55.4031429"
Badr Al Qanai Real Estate Est.,Real estate,,,,Abi Salamah Bin Abd Al Asad Street,"https://www.google.com/maps/search/?api=1&query=25.3468879,55.4038135"
Dallat Al Emarat Real Estate,Real estate,,,,Abi Salamah Bin Abd Al Asad Street,"https://www.google.com/maps/search/?api=1&query=25.3467899,55.4039767"
Bourse Land & Real Estate Centre,Real estate,,,,Abi Salamah Bin Abd Al Asad Street,"https://www.google.com/maps/search/?api=1&query=25.3463492,55.4047718"
Al Manzel Real Estate,Real estate,,,,Rafe'h Bin Al Mu'ala Street,"https://www.google.com/maps/search/?api=1&query=25.3471976,55.4001341"
Khaleej & Kuwait Real Estate Centre,Real estate,,,,Abi Salamah Bin Abd Al Asad Street,"https://www.google.com/maps/search/?api=1&query=25.3489664,55.4001799"
Tamleek Real Estate,Real estate,,,,Abi Salamah Bin Abd Al Asad Street,"https://www.google.com/maps/search/?api=1&query=25.3484911,55.400985"
Al naham Real Estate,Real estate,,,,Abi Salamah Bin Abed Asad Street,"https://www.google.com/maps/search/?api=1&query=25.3478143,55.4021501"
Al Baz Real Estate,Real estate,,,,Omar Bin Al Khattab Street,"https://www.google.com/maps/search/?api=1&query=25.4142716,55.4393249"
Al Kimbi Real Estate Est.,Real estate,,,,Al Estiqlal Street,"https://www.google.com/maps/search/?api=1&query=25.3505106,55.3998948"
Quality Real Estate Est.,Real estate,,,,Al Estiqlal Street,"https://www.google.com/maps/search/?api=1&query=25.350984,55.4002326"
Al Hasm Real Estate,Real estate,,,,Abi Ayoub Al Ansari Street,"https://www.google.com/maps/search/?api=1&query=25.3539445,55.4082654"
Al Sadah Real Estate,Real estate,,,,Abi Ayoub Al Ansari Street,"https://www.google.com/maps/search/?api=1&query=25.3538189,55.4081666"
Bar Al Melouk Real Estate,Real estate,,,,Abi Ayoub Al Ansari Street,"https://www.google.com/maps/search/?api=1&query=25.3524837,55.4072599"
Al Mahatha Real Estate,Real estate,,,,Abi Ayoub Al Ansari Street,"https://www.google.com/maps/search/?api=1&query=25.351961,55.4065173"
Al Nouf Real Estate,Real estate,,,,Khalid Bin Qais Street,"https://www.google.com/maps/search/?api=1&query=25.3518007,55.4069786"
Al Ramouz Real Estate,Real estate,,,,Abi Ayoub Al Ansari Street,"https://www.google.com/maps/search/?api=1&query=25.3523117,55.4067387"
Al Madaien Real Estate,Real estate,,,,Abi Ayoub Al Ansari Street,"https://www.google.com/maps/search/?api=1&query=25.3528709,55.407126"
Umm Al Qura Real Estate Est.,Real estate,,,,Abi Ayoub Al Ansari Street,"https://www.google.com/maps/search/?api=1&query=25.353686,55.4080769"
Al Shualla Real Estate,Real estate,,,,Yazeed Bin Raqeesh Street,"https://www.google.com/maps/search/?api=1&query=25.3536468,55.4081309"
Al Zubair Real Estate,Real estate,,,,Yazeed Bin Raqeesh Street,"https://www.google.com/maps/search/?api=1&query=25.3535617,55.4082887"
Al Fakbamah,Real estate,,,,Al Zaher Street,"https://www.google.com/maps/search/?api=1&query=25.399855,55.4410977"
Al Dirham,Real estate,,,,Al Zaher Street,"https://www.google.com/maps/search/?api=1&query=25.4004319,55.440361"
Al Afrah Properties,Real estate,,,,Al Estiqlal Street,"https://www.google.com/maps/search/?api=1&query=25.353287,55.402156"
Ayoub Eisa Real Estate Est.,Real estate,,,,Al Estiqlal Street,"https://www.google.com/maps/search/?api=1&query=25.3546086,55.4029357"
Al Mostqim,Real estate,,,,,"https://www.google.com/maps/search/?api=1&query=25.396491,55.434193"
Sea View,Real estate,,,,87 Street,"https://www.google.com/maps/search/?api=1&query=25.4017597,55.4438298"
Monaco Estate & Gen. Trading,Real estate,,,,Al Nua'man Bin Sinan Street,"https://www.google.com/maps/search/?api=1&query=25.3536085,55.4076311"
Al Deerah Real Estate,Real estate,,,,Abi Ayoub Al Ansari Street,"https://www.google.com/maps/search/?api=1&query=25.3523537,55.4067696"
Al Yaqoot Al Asfar Real Estate,Real estate,,,,Abi Dayah Bin Thabet Street,"https://www.google.com/maps/search/?api=1&query=25.3514476,55.4036901"
Al Haif Real Estate,Real estate,,,,,"https://www.google.com/maps/search/?api=1&query=25.4102715,55.4343264"
Al Khateeb Real Estate Est.,Real estate,,,,Oqbah Bin Wahab Street,"https://www.google.com/maps/search/?api=1&query=25.3542073,55.4034503"
Al Kendi Estate,Real estate,,,,Oqbah Bin Wahab Street,"https://www.google.com/maps/search/?api=1&query=25.3538733,55.4040244"
Al Remal Real Estate,Real estate,,,,Oqbah Bin Wahab Street,"https://www.google.com/maps/search/?api=1&query=25.3537245,55.4042747"
Al Dhabid Real Estate,Real estate,,,,Oqbah Bin Wahab Street,"https://www.google.com/maps/search/?api=1&query=25.3535593,55.4045645"
Al Saleh Real Estate,Real estate,,,,Oqbah Bin Wahab Street,"https://www.google.com/maps/search/?api=1&query=25.3535311,55.4046189"
Burj Al Khan Real Estate,Real estate,,,,Oqbah Bin Wahab Street,"https://www.google.com/maps/search/?api=1&query=25.3532163,55.4051532"
Italian Home Real Estate,Real estate,,,,Oqbah Bin Wahab Street,"https://www.google.com/maps/search/?api=1&query=25.3529802,55.4055835"
Al Nasim Real Estate Management,Real estate,,,,Oqbah Bin Wahab Street,"https://www.google.com/maps/search/?api=1&query=25.3528328,55.405835"
Al Bait Al Raqi Real Estate,Real estate,,,,Oqbah Bin Wahab Street,"https://www.google.com/maps/search/?api=1&query=25.3524214,55.4065918"
Los Anglos Real Estate,Real estate,,,,Hateb Bin Abi Balata'ah Street,"https://www.google.com/maps/search/?api=1&query=25.3511351,55.4014949"
Prestige,Real estate,,,,,"https://www.google.com/maps/search/?api=1&query=25.3887646,55.4459911"
Al Bassam,Real estate,,,,,"https://www.google.com/maps/search/?api=1&query=25.3860779,55.445545"
Al Mahabah,Real estate,,,,,"https://www.google.com/maps/search/?api=1&query=25.3852562,55.4477864"
Saeed Al Shamti Real Estate,Real estate,,,,Jaber Bin Abdullah Street,"https://www.google.com/maps/search/?api=1&query=25.3520428,55.4019087"
Al Diaa Real Estate,Real estate,,,,Jaber Bin Abdullah Street,"https://www.google.com/maps/search/?api=1&query=25.3518295,55.4022778"
Al Gemam Real Estate,Real estate,,,,Jaber Bin Abdullah Street,"https://www.google.com/maps/search/?api=1&query=25.3512191,55.4033008"
Al Ustath Real Estate,Real estate,,,,Jaber Bin Abdullah Street,"https://www.google.com/maps/search/?api=1&query=25.3509535,55.4038185"
Impressions Real Estate,Real estate,,,,Atteyah Bin Nuwayrah Street,"https://www.google.com/maps/search/?api=1&query=25.3447463,55.404383"
Alkout Real Estate,Real estate,,,,Al Hareth Bin Qais Street,"https://www.google.com/maps/search/?api=1&query=25.3456711,55.4050131"
Al Afaq Real Estate,Real estate,,,,Al Hareth Bin Qais Street,"https://www.google.com/maps/search/?api=1&query=25.3456199,55.4049908"
Bin Kowayer,Real estate,,,,,"https://www.google.com/maps/search/?api=1&query=25.3842485,55.447268"
Wajed,Real estate,,,,31 Street,"https://www.google.com/maps/search/?api=1&query=25.3873422,55.4464854"
Al Tasamuh Real Estate,Real estate,,,,Rafat Bin Amr Street,"https://www.google.com/maps/search/?api=1&query=25.3510675,55.4045131"
Al Dolphin Real Estate Est.,Real estate,,,,Abi Dayah Bin Thabet Street,"https://www.google.com/maps/search/?api=1&query=25.3525605,55.4047747"
Al Najah Real Estate,Real estate,,,,Oqbah Bin Wahab Street,"https://www.google.com/maps/search/?api=1&query=25.3537982,55.4035358"
Al Serouh Real Estate,Real estate,,,,Oqbah Bin Wahab Street,"https://www.google.com/maps/search/?api=1&query=25.3533543,55.4042921"
Bait Al Mustaqbal Real Estate,Real estate,,,,Oqbah Bin Wahab Street,"https://www.google.com/maps/search/?api=1&query=25.3533382,55.4043422"
Azal Real Estate,Real estate,,,,Oqbah Bin Wahab Street,"https://www.google.com/maps/search/?api=1&query=25.3532702,55.4044622"
Al Qaraien Real Estate,Real estate,,,,Oqbah Bin Wahab Street,"https://www.google.com/maps/search/?api=1&query=25.3532006,55.4045858"
Al Qoos Real Estate,Real estate,,,,Oqbah Bin Wahab Street,"https://www.google.com/maps/search/?api=1&query=25.3531844,55.404618"
Nasser Saleh Real Estate,Real estate,,,,Oqbah Bin Wahab Street,"https://www.google.com/maps/search/?api=1&query=25.3523153,55.4061249"
Al Nahda Real Estate Co.,Real estate,,,,Oqbah Bin Wahab Street,"https://www.google.com/maps/search/?api=1&query=25.3521913,55.4063569"
Number One Real Estate,Real estate,,,,Oqbah Bin Wahab Street,"https://www.google.com/maps/search/?api=1&query=25.3521032,55.4064979"
Al Nahr Al Khalid Real Estate,Real estate,,,,Abi Ayoub Al Ansari Street,"https://www.google.com/maps/search/?api=1&query=25.3489692,55.4044541"
Al Mawadah Real Estate,Real estate,,,,Jaber Bin Abdullah Street,"https://www.google.com/maps/search/?api=1&query=25.3511781,55.4028003"
Al Sawaed Real Estate,Real estate,,,,Jaber Bin Abdullah Street,"https://www.google.com/maps/search/?api=1&query=25.3511636,55.4028397"
Asia Real Estate,Real estate,,,,Hateb Bin Abi Balata'ah Street,"https://www.google.com/maps/search/?api=1&query=25.3517006,55.4018537"
Rashid Al Metbi Real Estate,Real estate,,,,Jaber Bin Abdullah Street,"https://www.google.com/maps/search/?api=1&query=25.3508486,55.4033412"
Askaan Properties,Real estate,,,,Sheikh Khalifa bin Zayed Street,"https://www.google.com/maps/search/?api=1&query=25.3918923,55.4363592"
Ajman Properties Corporation,Real estate,,,,Sheikh Khalifa bin Zayed Street,"https://www.google.com/maps/search/?api=1&query=25.3912866,55.4410682"
ChenOne,Real estate,,,,Sheikh Khalifa bin Zayed Street,"https://www.google.com/maps/search/?api=1&query=25.3911355,55.4426283"
Tayba,Real estate,,,,Sheikh Khalifa bin Zayed Street,"https://www.google.com/maps/search/?api=1&query=25.3909939,55.4431537"
Al Serouh Real Estate,Real estate,,,,Amr Bin Ma'abad Street,"https://www.google.com/maps/search/?api=1&query=25.3543538,55.4060401"
Bela Hodod Real Estate,Real estate,,,,Masoud Bin Sa'ad Street,"https://www.google.com/maps/search/?api=1&query=25.3526312,55.4063823"
Al Maymon Real Estate,Real estate,,,,Musaab Bin Omair Street,"https://www.google.com/maps/search/?api=1&query=25.3503123,55.3913248"
Diamond Homes,Real estate,,,,,"https://www.google.com/maps/search/?api=1&query=25.3962996,55.4295715"
Dubai Real Estate Centre,Real estate,,,,Sheikh Saqr Bin Khalid Al Qasimi Street,"https://www.google.com/maps/search/?api=1&query=25.3505171,55.3939477"
Al Shehil,Real estate,,,,Sheikh Saqr Bin Khalid Al Qasimi Street,"https://www.google.com/maps/search/?api=1&query=25.3501767,55.3945645"
Salah Al Mazroui Real Estate,Real estate,,,,Musaab Bin Omair Street,"https://www.google.com/maps/search/?api=1&query=25.3485191,55.3901037"
Al Ahram Real Estate,Real estate,,,,Musaab Bin Omair Street,"https://www.google.com/maps/search/?api=1&query=25.3485846,55.3901371"
Silver Home Private Real Estate Management,Real estate,,,,Al Zubair Bin Al Awam Street,"https://www.google.com/maps/search/?api=1&query=25.3483449,55.396693"
Al Attas Real Estate,Real estate,,,,Abdullah Bin Al Nua'man,"https://www.google.com/maps/search/?api=1&query=25.3487394,55.3936911"
Kashwani Real Estate,Real estate,,,,Sheikh Saqr Bin Khalid Al Qasimi Street,"https://www.google.com/maps/search/?api=1&query=25.3498031,55.3951942"
Al Midea Real Estate,Real estate,,,,Anas Bin Muath Street,"https://www.google.com/maps/search/?api=1&query=25.3489396,55.393219"
Imdad Real Estate,Real estate,,,,Second Industrial Street,"https://www.google.com/maps/search/?api=1&query=25.3305424,55.4222772"
Rwafid Real Estate llc,Real estate,,,,,"https://www.google.com/maps/search/?api=1&query=25.3624956,55.3915815"
Nasserya driving school,Real estate,,,,,"https://www.google.com/maps/search/?api=1&query=25.367612,55.4057687"
Richland Real Estate L.L.C,Real estate,,,,,"https://www.google.com/maps/search/?api=1&query=25.393273,55.5741059"
Alif Real Estate L.L.C,Real estate,,,Ajman,"Emirates City, Fortune Residency C1","https://www.google.com/maps/search/?api=1&query=25.3899608,55.5725509"
Fine Acers,Real estate,,,,,"https://www.google.com/maps/search/?api=1&query=25.18541,55.2574603"
Connecting Continents,Real estate,,,,,"https://www.google.com/maps/search/?api=1&query=25.1855117,55.2575553"
Al Marri Real Estate,Real estate,,,,,"https://www.google.com/maps/search/?api=1&query=25.2814564,55.3528159"
Almur Properties,Real estate,,,,,"https://www.google.com/maps/search/?api=1&query=25.2164997,55.280504"
al maskan,Real estate,,,,,"https://www.google.com/maps/search/?api=1&query=25.2556446,55.2850172"
Rainbow Properties LLC,Real estate,,,Dubai,Nadd Hessa,"https://www.google.com/maps/search/?api=1&query=25.1167592,55.3697319"
Continental Real Estate,Real estate,,,,Ibrahm Mohammed Al Medfa'a Street,"https://www.google.com/maps/search/?api=1&query=25.3518938,55.3887431"
General Real Estate Office,Real estate,,,,Brahim Mohammed Al Medfa'a Street,"https://www.google.com/maps/search/?api=1&query=25.3539935,55.3966128"
Gulf Sail Real Estate,Real estate,,,,Brahim Mohammed Al Medfa'a Street,"https://www.google.com/maps/search/?api=1&query=25.3540368,55.3967359"
Al Jasmi Real Estate,Real estate,,,,Omar Bin Al Khattab Street,"https://www.google.com/maps/search/?api=1&query=25.407047,55.435944"
Emaar Sales Center,Real estate,,,,,"https://www.google.com/maps/search/?api=1&query=25.192499,55.2775879"